<vm version="2.0"><group id="ba4fea59af6b45a792adf3373a7bc566"><entry><agency>ifsc</agency><schema>Source</schema><value>IFSC1038</value></entry><entry><agency>branchname</agency><schema>Receiver</schema><value>New Delhi</value></entry></group><group id="6926815fdae9441da26232c828727370"><entry><agency>ifsc</agency><schema>Source</schema><value>IFSC1440</value></entry><entry><agency>branchname</agency><schema>Receiver</schema><value>Mumbai Central</value></entry></group><group id="80141306ca264f6fb8b804476e9dedb5"><entry><agency>ifsc</agency><schema>Source</schema><value>IFSC1173</value></entry><entry><agency>branchname</agency><schema>Receiver</schema><value>Bangalore East</value></entry></group><group id="60b309483077435a9f3fbd5ac5a643a9"><entry><agency>ifsc</agency><schema>Source</schema><value>IFSC4224</value></entry><entry><agency>branchname</agency><schema>Receiver</schema><value>Chennai North</value></entry></group><group id="ae2eea651cd345318b5ab6077b25b33d"><entry><agency>ifsc</agency><schema>Source</schema><value>IFSC3765</value></entry><entry><agency>branchname</agency><schema>Receiver</schema><value>Kolkata South</value></entry></group><group id="232eff3f400048f389feafebd7caadab"><entry><agency>ifsc</agency><schema>Source</schema><value>IFSC1939</value></entry><entry><agency>branchname</agency><schema>Receiver</schema><value>Hyderabad East</value></entry></group><group id="65784859fa9046fc8ec899e7f2e52caa"><entry><agency>ifsc</agency><schema>Source</schema><value>IFSC3001</value></entry><entry><agency>branchname</agency><schema>Receiver</schema><value>Pune West</value></entry></group><group id="f112ad63da1e4612b15cd08297c44db5"><entry><agency>ifsc</agency><schema>Source</schema><value>IFSC5893</value></entry><entry><agency>branchname</agency><schema>Receiver</schema><value>Ahmedabad City</value></entry></group><group id="01815f5d828b4359b3aec1488b004c8f"><entry><agency>ifsc</agency><schema>Source</schema><value>IFSC8670</value></entry><entry><agency>branchname</agency><schema>Receiver</schema><value>Jaipur Central</value></entry></group><group id="ab351be403cc4cdcad43c0eeb0cd6725"><entry><agency>ifsc</agency><schema>Source</schema><value>IFSC3847</value></entry><entry><agency>branchname</agency><schema>Receiver</schema><value>Lucknow North</value></entry></group><group id="fdbfe9c3df764d1a8aaae2a71e0abd20"><entry><agency>ifsc</agency><schema>Source</schema><value>IFSC9197</value></entry><entry><agency>branchname</agency><schema>Receiver</schema><value>Chandigarh</value></entry></group><group id="3d5e38594fd7486d95e45bf5294cdb4b"><entry><agency>ifsc</agency><schema>Source</schema><value>IFSC5892</value></entry><entry><agency>branchname</agency><schema>Receiver</schema><value>Bangalore South</value></entry></group><group id="41d855d62ac74eadba9ac2b683b28f4b"><entry><agency>ifsc</agency><schema>Source</schema><value>IFSC2863</value></entry><entry><agency>branchname</agency><schema>Receiver</schema><value>Kochi</value></entry></group><group id="286728a33abf419ea0d5de705658987a"><entry><agency>ifsc</agency><schema>Source</schema><value>IFSC7425</value></entry><entry><agency>branchname</agency><schema>Receiver</schema><value>Mumbai Suburbs</value></entry></group><group id="82ffba86361440c89f9cc4f503bc86b4"><entry><agency>ifsc</agency><schema>Source</schema><value>IFSC3151</value></entry><entry><agency>branchname</agency><schema>Receiver</schema><value>Delhi NCR</value></entry></group><group id="1d5f3c0a76ed442d9c261c78677a23c3"><entry><agency>ifsc</agency><schema>Source</schema><value>IFSC8204</value></entry><entry><agency>branchname</agency><schema>Receiver</schema><value>Pune East</value></entry></group><group id="21589c08371d4323a9ff01af121f2401"><entry><agency>ifsc</agency><schema>Source</schema><value>IFSC9323</value></entry><entry><agency>branchname</agency><schema>Receiver</schema><value>Chennai South</value></entry></group><group id="ff707a1ff5b248d9b5b8d34a7a64fe01"><entry><agency>ifsc</agency><schema>Source</schema><value>IFSC2230</value></entry><entry><agency>branchname</agency><schema>Receiver</schema><value>Bangalore West</value></entry></group><group id="5c4b671b078e417ba8b701c1d5e826fb"><entry><agency>ifsc</agency><schema>Source</schema><value>IFSC3671</value></entry><entry><agency>branchname</agency><schema>Receiver</schema><value>Hyderabad Central</value></entry></group><group id="e4a6b8cfad4141dd81e2055d6626badd"><entry><agency>ifsc</agency><schema>Source</schema><value>IFSC7176</value></entry><entry><agency>branchname</agency><schema>Receiver</schema><value>Kolkata North</value></entry></group><group id="48d1cad4f8704006b8dc5cc4e8e8533b"><entry><agency>ifsc</agency><schema>Source</schema><value>IFSC6451</value></entry><entry><agency>branchname</agency><schema>Receiver</schema><value>Kochi Suburbs</value></entry></group><group id="7e4c7cf5231e43f7aaf6e8c0a9c839dc"><entry><agency>ifsc</agency><schema>Source</schema><value>IFSC6278</value></entry><entry><agency>branchname</agency><schema>Receiver</schema><value>Ahmedabad West</value></entry></group><group id="7bf6599584994dcc91586e7bc84e8298"><entry><agency>ifsc</agency><schema>Source</schema><value>IFSC3155</value></entry><entry><agency>branchname</agency><schema>Receiver</schema><value>Chandigarh East</value></entry></group><group id="a9cf4beb9a9a4ab7bf4631fbb239821f"><entry><agency>ifsc</agency><schema>Source</schema><value>IFSC8148</value></entry><entry><agency>branchname</agency><schema>Receiver</schema><value>Delhi South</value></entry></group><group id="920ca75bfafb48859d38d7739bcc2730"><entry><agency>ifsc</agency><schema>Source</schema><value>IFSC9302</value></entry><entry><agency>branchname</agency><schema>Receiver</schema><value>Pune Central</value></entry></group><group id="dde495ff9e1c4a639224b27c0c5346a5"><entry><agency>ifsc</agency><schema>Source</schema><value>IFSC4811</value></entry><entry><agency>branchname</agency><schema>Receiver</schema><value>Mumbai Western Suburbs</value></entry></group><group id="7d770a092b3049d89eae57f4af91552e"><entry><agency>ifsc</agency><schema>Source</schema><value>IFSC2287</value></entry><entry><agency>branchname</agency><schema>Receiver</schema><value>Mumbai South</value></entry></group><group id="a0c2dd729eef4b269b5b56ef11905a6b"><entry><agency>ifsc</agency><schema>Source</schema><value>IFSC2120</value></entry><entry><agency>branchname</agency><schema>Receiver</schema><value>Bengaluru</value></entry></group><group id="7a08fb7cc1e34f86995ea66aabe35a8b"><entry><agency>ifsc</agency><schema>Source</schema><value>IFSC3541</value></entry><entry><agency>branchname</agency><schema>Receiver</schema><value>Jaipur South</value></entry></group><group id="529c0b4225444529840749c4a171fbe1"><entry><agency>ifsc</agency><schema>Source</schema><value>IFSC5408</value></entry><entry><agency>branchname</agency><schema>Receiver</schema><value>Lucknow Central</value></entry></group><group id="4c5c99c035254e6c8eff9e64b961dde2"><entry><agency>ifsc</agency><schema>Source</schema><value>IFSC3611</value></entry><entry><agency>branchname</agency><schema>Receiver</schema><value>Delhi West</value></entry></group><group id="0d4aa94931bd4d169104666c84eaf8d8"><entry><agency>ifsc</agency><schema>Source</schema><value>IFSC2482</value></entry><entry><agency>branchname</agency><schema>Receiver</schema><value>Ahmedabad East</value></entry></group><group id="8e1192f46c5b4c5886085da6e82e5af8"><entry><agency>ifsc</agency><schema>Source</schema><value>IFSC8573</value></entry><entry><agency>branchname</agency><schema>Receiver</schema><value>Kochi City</value></entry></group><group id="07f31bec5a744eb29e01ab80474d8f02"><entry><agency>ifsc</agency><schema>Source</schema><value>IFSC9510</value></entry><entry><agency>branchname</agency><schema>Receiver</schema><value>Bangalore North</value></entry></group><group id="7f84b11af3b546279c3200dd2b744102"><entry><agency>ifsc</agency><schema>Source</schema><value>IFSC6553</value></entry><entry><agency>branchname</agency><schema>Receiver</schema><value>Mumbai East</value></entry></group><group id="e9ea981787234244933c0c5f434f494c"><entry><agency>ifsc</agency><schema>Source</schema><value>IFSC5929</value></entry><entry><agency>branchname</agency><schema>Receiver</schema><value>Kolkata West</value></entry></group><group id="5a6d5d45ac384c038b48a97a1741e856"><entry><agency>ifsc</agency><schema>Source</schema><value>IFSC6619</value></entry><entry><agency>branchname</agency><schema>Receiver</schema><value>Chennai Central</value></entry></group><group id="ccfbd3c21bcf4fd0a07e64906ecca090"><entry><agency>ifsc</agency><schema>Source</schema><value>IFSC8464</value></entry><entry><agency>branchname</agency><schema>Receiver</schema><value>Pune Suburbs</value></entry></group><group id="5eb950e0ace848f4a972b0d1609774e3"><entry><agency>ifsc</agency><schema>Source</schema><value>IFSC5123</value></entry><entry><agency>branchname</agency><schema>Receiver</schema><value>Chandigarh West</value></entry></group><group id="50c025291fb7404794c7cc5b4e2ec978"><entry><agency>ifsc</agency><schema>Source</schema><value>IFSC8109</value></entry><entry><agency>branchname</agency><schema>Receiver</schema><value>Hyderabad West</value></entry></group><group id="dbbb88573cda41a3a7a42973c1d17658"><entry><agency>ifsc</agency><schema>Source</schema><value>IFSC1888</value></entry><entry><agency>branchname</agency><schema>Receiver</schema><value>Kolkata East</value></entry></group><group id="bf0702df54334febba5b910c96ee9fa2"><entry><agency>ifsc</agency><schema>Source</schema><value>IFSC3545</value></entry><entry><agency>branchname</agency><schema>Receiver</schema><value>Jaipur West</value></entry></group><group id="0bf75731e6404f0695fbb97b30aac2bb"><entry><agency>ifsc</agency><schema>Source</schema><value>IFSC8589</value></entry><entry><agency>branchname</agency><schema>Receiver</schema><value>Lucknow Suburbs</value></entry></group><group id="e80103405381473887f8d583a547ec1f"><entry><agency>ifsc</agency><schema>Source</schema><value>IFSC6279</value></entry><entry><agency>branchname</agency><schema>Receiver</schema><value>Delhi Central</value></entry></group><group id="e376ec2facf4414e842895ead661167d"><entry><agency>ifsc</agency><schema>Source</schema><value>IFSC6542</value></entry><entry><agency>branchname</agency><schema>Receiver</schema><value>Chennai East</value></entry></group><group id="7b13d6ae499a4364987aba381ec68cf3"><entry><agency>ifsc</agency><schema>Source</schema><value>IFSC6639</value></entry><entry><agency>branchname</agency><schema>Receiver</schema><value>Pune West Suburbs</value></entry></group><group id="ed17503df0da4d51b0686ebb9a8e2a84"><entry><agency>ifsc</agency><schema>Source</schema><value>IFSC6808</value></entry><entry><agency>branchname</agency><schema>Receiver</schema><value>Bangalore East Suburbs</value></entry></group><group id="bc38e1f313d540f99405f75ea9a71d81"><entry><agency>ifsc</agency><schema>Source</schema><value>IFSC2119</value></entry><entry><agency>branchname</agency><schema>Receiver</schema><value>Ahmedabad Central</value></entry></group><group id="e188d002eaa64dbbbaa85303479c8f5a"><entry><agency>ifsc</agency><schema>Source</schema><value>IFSC9963</value></entry><entry><agency>branchname</agency><schema>Receiver</schema><value>Mumbai North</value></entry></group><group id="99d15662a4aa46d8989a369a15a4dbfa"><entry><agency>ifsc</agency><schema>Source</schema><value>IFSC6115</value></entry><entry><agency>branchname</agency><schema>Receiver</schema><value>Kolkata Suburbs</value></entry></group></vm>