<?xml version="1.0" encoding="UTF-8"?>
<xs:schema xmlns:xs="http://www.w3.org/2001/XMLSchema">
    
    <!-- Definition of the root element -->
    <xs:element name="item">
        <xs:complexType>
            <xs:sequence>
                <xs:element name="name" type="xs:string"/>
                <xs:element name="iso2" type="xs:string"/>
                <xs:element name="iso3" type="xs:string"/>
            </xs:sequence>
        </xs:complexType>
    </xs:element>

    <!-- Definition of Novartis item -->
    <xs:element name="item">
        <xs:complexType>
            <xs:sequence>
                <xs:element name="name" type="xs:string"/>
                <xs:element name="countryCode" type="xs:string"/>
                <xs:element name="market_cap" type="xs:decimal"/>
                <xs:element name="id" type="xs:int"/>
            </xs:sequence>
        </xs:complexType>
    </xs:element>
    
    <!-- Definition of Employee element -->
    <xs:element name="Employee">
        <xs:complexType>
            <xs:sequence>
                <xs:element name="Day" maxOccurs="unbounded">
                    <xs:complexType>
                        <xs:sequence>
                            <xs:element name="Date" type="xs:date"/>
                            <xs:element name="InTime" type="xs:time"/>
                            <xs:element name="OutTime" type="xs:time"/>
                        </xs:sequence>
                    </xs:complexType>
                </xs:element>
            </xs:sequence>
            <xs:attribute name="EmployeeId" type="xs:int"/>
        </xs:complexType>
    </xs:element>

</xs:schema>

